NSherrill-LTIN,12/24/2009 8:29:47 PM
3,MARY JANE SALAZAR - 7510,6.35,6.35,LAURA FLORES - 3072,16.26,16.26,ALESSA VILLAREAL - 7837,9.14,9.14,4,MARCOS HERNANDEZ - 3708,15.45,15.45,RHEANNA ORTEGA - 8134,21.42,21.42,MARSHA SILVA - 245,19.93,19.93,MARGARET VILLARREAL - 9566,20.46,20.46
3,ABEL OBREGON - 4583,9.83,9.83,MARGARET VILLARREAL - 9566,18.22,18.22,ALESSA VILLAREAL - 7837,21.11,21.11,5,MARY JANE SALAZAR - 7510,25.31,25.31,MARSHA SILVA - 245,36.32,36.32,MARGARET VILLARREAL - 9566,15.42,15.42,ALESSA VILLAREAL - 7837,20.34,20.34,RHEANNA ORTEGA - 8134,29.16,29.16
6,MARY JANE SALAZAR - 7510,10.68,10.68,LAURA FLORES - 3072,5.02,5.02,ALESSA VILLAREAL - 7837,5.92,5.92,LAURA FLORES - 3072,2.05,2.05,ALESSA VILLAREAL - 7837,4.03,4.03,MARSHA SILVA - 245,25.7,25.7,5,ABEL OBREGON - 4583,24.57,24.57,MARSHA SILVA - 245,255.68,255.68,MARSHA SILVA - 245,64.5,64.5,MARGARET VILLARREAL - 9566,381.6,381.6,MARSHA SILVA - 245,-603.5,-603.5
2,ABEL OBREGON - 4583,14.97,14.97,ALESSA VILLAREAL - 7837,59.9,59.9,5,MARCOS HERNANDEZ - 3708,4.17,4.17,MARCOS HERNANDEZ - 3708,10.41,10.41,RHEANNA ORTEGA - 8134,20.8,20.8,LAURA FLORES - 3072,17.16,17.16,MARSHA SILVA - 245,20.35,20.35
5,ABEL OBREGON - 4583,4.46,4.46,MARGARET VILLARREAL - 9566,1.9,1.9,MARGARET VILLARREAL - 9566,0,0,MARSHA SILVA - 245,7.61,7.61,MARGARET VILLARREAL - 9566,8.34,8.34,4,MARY JANE SALAZAR - 7510,19.9,19.9,RHEANNA ORTEGA - 8134,10.5,10.5,RHEANNA ORTEGA - 8134,27.23,27.23,ALESSA VILLAREAL - 7837,41.88,41.88
2,ABEL OBREGON - 4583,5.91,5.91,LAURA FLORES - 3072,23.64,23.64,5,MARCOS HERNANDEZ - 3708,14.7,14.7,MARSHA SILVA - 245,4.55,4.55,CINDY GOMEZ - 7573,15.24,15.24,MARSHA SILVA - 245,14.47,14.47,MARGARET VILLARREAL - 9566,24.55,24.55
5,ABEL OBREGON - 4583,4.17,4.17,ABEL OBREGON - 4583,0.92,0.92,CINDY GOMEZ - 7573,9.61,9.61,ALESSA VILLAREAL - 7837,9.1,9.1,ALESSA VILLAREAL - 7837,1.64,1.64,7,MARY JANE SALAZAR - 7510,20.82,20.82,LINDA SANMIGUEL - 1787,1.8,1.8,LINDA SANMIGUEL - 1787,2.03,2.03,LAURA FLORES - 3072,19.15,19.15,LAURA FLORES - 3072,9.85,9.85,LINDA SANMIGUEL - 1787,25.64,25.64,RHEANNA ORTEGA - 8134,24.78,24.78